Workbook

Sheet Chi tiết Vận hành ( tháng 4 )
A1: STT | B1: Nhóm Chi Phí | C1: Hạng mục chi tiết | D1: Mô tả / Đơn vị tính | E1: Số lượng | F1: Đơn giá (VNĐ) | G1: Thành tiền/Tháng | H1: Ghi chú của bạn
A2: 1. HẠ TẦNG CLOUD & SERVER (AWS)
A3: 1 | C3: AWS RDS (MySQL) | D3: Database chính lưu trữ user, từ vựng, tiến độ | E3: 0 | F3: 0 | G3: =E3*F3 -> 0
A4: 2 | C4: AWS Amplify | D4: Hosting cho Frontend | E4: 0 | F4: 0 | G4: =E4*F4 -> 0
A5: 3 | C5: Backend Server (EC2/ECS) | D5: Chạy core xử lý cho hệ thống (Java Spring Boot, Microservices) | E5: 0 | F5: 0 | G5: =E5*F5 -> 0
A6: 4 | C6: AWS S3 | D6: Lưu trữ file âm thanh, hình ảnh bài học, backup | E6: 0 | F6: 0 | G6: =E6*F6 -> 0
A7: 5 | C7: Data Transfer (Băng thông) | D7: Phí tải dữ liệu ra khỏi AWS | E7: 0 | F7: 0 | G7: =E7*F7 -> 0
A8: 6 | C8: Domain & DNS (Cloudflare) | D8: Tên miền, chứng chỉ bảo mật SSL, WAF | E8: 0 | F8: 0 | G8: =E8*F8 -> 0
A9: 2. DỊCH VỤ API & BÊN THỨ 3
A10: 1 | C10: API Nhận diện giọng nói | D10: Eleven Lab | E10: 1 | F10: 289000 | G10: =E10*F10 -> 289000
A11: 2 | D11: Groq API | E11: 1 | F11: 200000 | G11: =E11*F11 -> 200000
A12: 3 | C12: API Dịch thuật / NLP | D12: Lama 4 | E12: 1 | F12: 300000 | G12: =E12*F12 -> 300000
A13: 4 | C13: Email Service (SES/SendGrid) | D13: Gửi email xác thực, reset password, thông báo | E13: 0 | F13: 0 | G13: =E13*F13 -> 0
A14: 5 | C14: SMS / OTP | D14: Xác thực số điện thoại | E14: 0 | F14: 0 | G14: =E14*F14 -> 0
A15: 3. CÔNG CỤ DEV & QUẢN TRỊ NỘI BỘ
A16: 1 | C16: AI Coding Tools | D16: Cursor | E16: 1 | F16: 499000 | G16: =E16*F16 -> 499000 | H16: Nhân công triển khai công việc
A17: 2 | D17: Gemini Pro | E17: 1 | F17: 0 | G17: =E17*F17 -> 0 | H17: Nhân công test sản phẩm
A18: 3 | D18: Collab Google | E18: 1 | F18: 292000 | G18: =E18*F18 -> 292000 | H18: Huấn luyện AI
A19: 4 | D19: Antigravity | E19: 1 | F19: 599000 | G19: =E19*F19 -> 599000 | H19: Nhân công thiết kế chiến lược
A20: 5 | C20: IDE | D20: Intellj | E20: 1 | F20: 79000 | G20: =E20*F20 -> 79000 | H20: Tính theo năm
A21: 6 | D21: Figma | E21: 1 | F21: 79000 | G21: =E21*F21 -> 79000 | H21: Tính theo năm
A22: 4. NHÂN SỰ & CHUYÊN MÔN
A23: 1 | C23: Back-End Developer | D23: Maintain hệ thống, tối ưu query MySQL, viết API mới | E23: 0 | F23: 0 | G23: =E23*F23 -> 0 | H23: Bản thân làm
A24: 2 | C24: Front-End / Mobile Dev | D24: Cập nhật UI/UX, sửa lỗi hiển thị | E24: 0 | F24: 0 | G24: =E24*F24 -> 0 | H24: Bản thân làm
A25: 3 | C25: Giáo viên / Chuyên gia Tiếng Đức | D25: Biên soạn hệ thống ngữ pháp, từ vựng theo chuẩn | E25: 0 | F25: 0 | G25: =E25*F25 -> 0 | H25: Bản thân làm
A26: 4 | C26: Thu âm (Voiceover) | D26: Lama 4 | E26: 1 | F26: 256000 | G26: =E26*F26 -> 256000
A27: 5 | C27: Chăm sóc khách hàng (CSKH) | D27: Hỗ trợ học viên, giải đáp thắc mắc | E27: 0 | F27: 0 | G27: =E27*F27 -> 0 | H27: Bản thân làm
A28: 5. MARKETING & PHÂN PHỐI
A29: 1 | C29: Quảng cáo Digital (Ads) | D29: Ngân sách chạy Facebook, TikTok, Google Ads | E29: 0 | F29: 0 | G29: =E29*F29 -> 0
A30: 2 | C30: Sản xuất Media | D30: Làm video ngắn, thiết kế banner truyền thông | E30: 0 | F30: 0 | G30: =E30*F30 -> 0
A31: 3 | C31: Công cụ Marketing | D31: Phần mềm gửi Email Marketing tự động (Mailchimp...) | E31: 0 | F31: 0 | G31: =E31*F31 -> 0
A32: 6. PHÍ GIAO DỊCH & VẬN HÀNH KHÁC
A33: 1 | C33: Phí cổng thanh toán | D33: VNPay, Momo, Stripe (khoảng 1.5% - 3%) | E33: 0 | F33: 0 | G33: =E33*F33 -> 0
A34: 2 | C34: Kế toán / Pháp lý | D34: Dịch vụ khai báo thuế hàng tháng | E34: 0 | F34: 0 | G34: =E34*F34 -> 0
A35: 3 | C35: Chi phí phòng ngừa rủi ro | D35: Quỹ dự phòng server quá tải, sự cố | E35: 0 | F35: 0 | G35: =E35*F35 -> 0
B36: TỔNG CHI PHÍ DỰ KIẾN (VNĐ/THÁNG) | G36: =SUM(G3:G35) -> 2593000
D46: a

Sheet Chi tiết Vận hành ( tháng 5 )
A1: STT | B1: Nhóm Chi Phí | C1: Hạng mục chi tiết | D1: Mô tả / Đơn vị tính | E1: Số lượng | F1: Đơn giá (VNĐ) | G1: Thành tiền/Tháng | H1: Ghi chú của bạn | I1: Trạng thái | J1: Trạng thái thanh toán
A2: 1. HẠ TẦNG CLOUD & SERVER (AWS)
A3: 1 | C3: AWS RDS (Postgres SQL) | D3: Database chính lưu trữ user, từ vựng, tiến độ | E3: 1 | F3: 0 | G3: =E3*F3 -> 0 | H3: Đang free | I3: TRUE
A4: 2 | C4: AWS Amplify | D4: Hosting cho Frontend | E4: 1 | F4: 0 | G4: =E4*F4 -> 0 | H4: Đang free | I4: TRUE
A5: 3 | C5: Backend Server (EC2/ECS) | D5: Chạy core xử lý cho hệ thống (Java Spring Boot, Microservices) | E5: 1 | F5: 0 | G5: =E5*F5 -> 0 | H5: Đang free | I5: TRUE
A6: 4 | C6: AWS S3 | D6: Lưu trữ file âm thanh, hình ảnh bài học, backup | E6: 0 | F6: 0 | G6: =E6*F6 -> 0 | H6: Đang free | I6: TRUE
A7: 5 | C7: Data Transfer (Băng thông) | D7: Phí tải dữ liệu ra khỏi AWS | E7: 0 | F7: 0 | G7: =E7*F7 -> 0 | H7: Đang free | I7: TRUE
A8: 6 | C8: Domain & DNS (Cloudflare) | D8: Tên miền, chứng chỉ bảo mật SSL, WAF | E8: 1 | F8: 350000 | G8: =E8*F8 -> 350000 | H8: Tính theo năm | I8: TRUE
A9: 2. DỊCH VỤ API & BÊN THỨ 3
A10: 1 | C10: API Nhận diện giọng nói | D10: Eleven Lab | E10: 1 | F10: 289000 | G10: =E10*F10 -> 289000 | I10: TRUE
A11: 2 | D11: Groq API | E11: 1 | F11: 200000 | G11: =E11*F11 -> 200000 | I11: TRUE
A12: 3 | C12: API Dịch thuật / NLP | D12: Lama 4 | E12: 1 | F12: 300000 | G12: =E12*F12 -> 300000 | I12: TRUE
A13: 4 | C13: Email Service (SES/SendGrid) | D13: Gửi email xác thực, reset password, thông báo | E13: 0 | F13: 0 | G13: =E13*F13 -> 0 | I13: TRUE
A14: 5 | C14: SMS / OTP | D14: Xác thực số điện thoại | E14: 0 | F14: 0 | G14: =E14*F14 -> 0 | I14: TRUE
A15: 3. CÔNG CỤ DEV & QUẢN TRỊ NỘI BỘ
A16: 1 | C16: AI Coding Tools | D16: Cursor | E16: 1 | F16: 499000 | G16: =E16*F16 -> 499000 | H16: Nhân công triển khai công việc | I16: TRUE
A17: 2 | D17: Gemini Pro | E17: 1 | F17: 0 | G17: =E17*F17 -> 0 | H17: Nhân công test sản phẩm | I17: TRUE
A18: 3 | D18: Collab Google | E18: 1 | F18: 0 | G18: =E18*F18 -> 0 | H18: Huấn luyện AI | I18: TRUE
A19: 4 | D19: Antigravity | E19: 1 | F19: 599000 | G19: =E19*F19 -> 599000 | H19: Nhân công thiết kế chiến lược | I19: TRUE
A20: 5 | C20: IDE | D20: Intellj | E20: 1 | F20: 0 | G20: =E20*F20 -> 0 | I20: TRUE
A21: 6 | D21: Figma | E21: 1 | F21: 0 | G21: =E21*F21 -> 0 | I21: TRUE
A22: 4. NHÂN SỰ & CHUYÊN MÔN
A23: 1 | C23: Back-End Developer | D23: Maintain hệ thống, tối ưu query MySQL, viết API mới | E23: 0 | F23: 0 | G23: =E23*F23 -> 0 | H23: Bản thân làm | I23: TRUE
A24: 2 | C24: Front-End / Mobile Dev | D24: Cập nhật UI/UX, sửa lỗi hiển thị | E24: 0 | F24: 0 | G24: =E24*F24 -> 0 | H24: Bản thân làm | I24: TRUE
A25: 3 | C25: Giáo viên / Chuyên gia Tiếng Đức | D25: Biên soạn hệ thống ngữ pháp, từ vựng theo chuẩn | E25: 0 | F25: 0 | G25: =E25*F25 -> 0 | H25: Bản thân làm | I25: TRUE
A26: 4 | C26: Thu âm (Voiceover) | D26: Lama 4 | E26: 1 | F26: 256000 | G26: =E26*F26 -> 256000 | I26: TRUE
A27: 5 | C27: Chăm sóc khách hàng (CSKH) | D27: Hỗ trợ học viên, giải đáp thắc mắc | E27: 0 | F27: 0 | G27: =E27*F27 -> 0 | H27: Bản thân làm | I27: TRUE
A28: 5. MARKETING & PHÂN PHỐI
A29: 1 | C29: Quảng cáo Digital (Ads) | D29: Ngân sách chạy Facebook, TikTok, Google Ads | E29: 0 | F29: 0 | G29: =E29*F29 -> 0 | I29: TRUE
A30: 2 | C30: Sản xuất Media | D30: Làm video ngắn, thiết kế banner truyền thông | E30: 0 | F30: 0 | G30: =E30*F30 -> 0 | I30: TRUE
A31: 3 | C31: Công cụ Marketing | D31: Phần mềm gửi Email Marketing tự động (Mailchimp...) | E31: 0 | F31: 0 | G31: =E31*F31 -> 0 | I31: TRUE
A32: 6. PHÍ GIAO DỊCH & VẬN HÀNH KHÁC
A33: 1 | C33: Phí cổng thanh toán | D33: VNPay, Momo, Stripe (khoảng 1.5% - 3%) | E33: 0 | F33: 0 | G33: =E33*F33 -> 0 | I33: TRUE
A34: 2 | C34: Kế toán / Pháp lý | D34: Dịch vụ khai báo thuế hàng tháng | E34: 0 | F34: 0 | G34: =E34*F34 -> 0 | I34: TRUE
A35: 3 | C35: Chi phí phòng ngừa rủi ro | D35: Quỹ dự phòng server quá tải, sự cố | E35: 0 | F35: 0 | G35: =E35*F35 -> 0 | I35: TRUE
B36: TỔNG CHI PHÍ DỰ KIẾN (VNĐ/THÁNG) | G36: =SUMIF(I3:I35, TRUE,G3:G35) -> 2493000 | H36: Thực tế | I36: =SUMIF(I3:I35, TRUE,G3:G35) -> 2493000

Sheet Chi tiết Vận hành ( tháng 6 )
A1: STT | B1: Nhóm Chi Phí | C1: Hạng mục chi tiết | D1: Mô tả / Đơn vị tính | E1: Số lượng | F1: Đơn giá (VNĐ) | G1: Thành tiền/Tháng | H1: Ghi chú của bạn | I1: Trạng thái | J1: Trạng thái thanh toán
A2: 1. HẠ TẦNG CLOUD & SERVER (AWS)
A3: 1 | C3: AWS RDS (Postgres SQL) | D3: Database chính lưu trữ user, từ vựng, tiến độ | E3: 1 | F3: 526558.28 | G3: =E3*F3 -> 526558.28 | H3: 20$ | I3: FALSE
A4: 2 | C4: AWS Amplify | D4: Hosting cho Frontend | E4: 1 | F4: 526558.28 | G4: =E4*F4 -> 526558.28 | H4: 20$ | I4: FALSE
A5: 3 | C5: Backend Server (EC2/ECS) | D5: Chạy core xử lý cho hệ thống (Java Spring Boot, Microservices) | E5: 1 | F5: 1184756.1 | G5: =E5*F5 -> 1184756.1 | H5: 45$ | I5: FALSE
A6: 4 | C6: AWS S3 | D6: Lưu trữ file âm thanh, hình ảnh bài học, backup | E6: 0 | F6: 0 | G6: =E6*F6 -> 0 | I6: TRUE
A7: 5 | C7: Data Transfer (Băng thông) | D7: Phí tải dữ liệu ra khỏi AWS | E7: 0 | F7: 0 | G7: =E7*F7 -> 0 | I7: TRUE
A8: 6 | C8: Domain & DNS (Cloudflare) | D8: Tên miền, chứng chỉ bảo mật SSL, WAF | E8: 1 | F8: 0 | G8: =E8*F8 -> 0 | H8: Tính theo năm | I8: TRUE
A9: 2. DỊCH VỤ API & BÊN THỨ 3
A10: 1 | C10: API Nhận diện giọng nói | D10: Eleven Lab | E10: 1 | F10: 289000 | G10: =E10*F10 -> 289000 | I10: FALSE
A11: 2 | D11: Groq API | E11: 1 | F11: 200000 | G11: =E11*F11 -> 200000 | I11: FALSE
A12: 3 | C12: API Dịch thuật / NLP | D12: Lama 4 | E12: 1 | F12: 300000 | G12: =E12*F12 -> 300000 | I12: FALSE
A13: 4 | C13: Email Service (SES/SendGrid) | D13: Gửi email xác thực, reset password, thông báo | E13: 0 | F13: 0 | G13: =E13*F13 -> 0 | I13: TRUE
A14: 5 | C14: SMS / OTP | D14: Xác thực số điện thoại | E14: 0 | F14: 0 | G14: =E14*F14 -> 0 | I14: TRUE
A15: 3. CÔNG CỤ DEV & QUẢN TRỊ NỘI BỘ
A16: 1 | C16: AI Coding Tools | D16: Cursor | E16: 1 | F16: 499000 | G16: =E16*F16 -> 499000 | H16: Nhân công triển khai công việc | I16: FALSE
A17: 2 | D17: Gemini Pro | E17: 1 | F17: 0 | G17: =E17*F17 -> 0 | H17: Nhân công test sản phẩm | I17: TRUE
A18: 3 | D18: Collab Google | E18: 1 | F18: 0 | G18: =E18*F18 -> 0 | I18: TRUE
A19: 4 | D19: Antigravity | E19: 1 | F19: 599000 | G19: =E19*F19 -> 599000 | H19: Nhân công thiết kế chiến lược | I19: FALSE
A20: 5 | C20: IDE | D20: Intellj | E20: 1 | F20: 0 | G20: =E20*F20 -> 0 | H20: Tính theo năm | I20: TRUE
A21: 6 | D21: Figma | E21: 1 | F21: 0 | G21: =E21*F21 -> 0 | H21: Tính theo năm | I21: TRUE
A22: 4. NHÂN SỰ & CHUYÊN MÔN
A23: 1 | C23: Back-End Developer | D23: Maintain hệ thống, tối ưu query MySQL, viết API mới | E23: 1 | F23: 0 | G23: =E23*F23 -> 0 | H23: Bản thân làm | I23: FALSE
A24: 2 | C24: Front-End / Mobile Dev | D24: Cập nhật UI/UX, sửa lỗi hiển thị | E24: 1 | F24: 0 | G24: =E24*F24 -> 0 | H24: Bản thân làm | I24: FALSE
A25: 3 | C25: Giáo viên / Chuyên gia Tiếng Đức | D25: Biên soạn hệ thống ngữ pháp, từ vựng theo chuẩn | E25: 0 | F25: 0 | G25: =E25*F25 -> 0 | H25: Bản thân làm | I25: FALSE
A26: 4 | C26: Thu âm (Voiceover) | D26: Lama 4 | E26: 1 | F26: 256000 | G26: =E26*F26 -> 256000 | I26: FALSE
A27: 5 | C27: Chăm sóc khách hàng (CSKH) | D27: Hỗ trợ học viên, giải đáp thắc mắc | E27: 0 | F27: 0 | G27: =E27*F27 -> 0 | H27: Bản thân làm | I27: FALSE
A28: 5. MARKETING & PHÂN PHỐI
A29: 1 | C29: Quảng cáo Digital (Ads) | D29: Ngân sách chạy Facebook, TikTok, Google Ads | E29: 0 | F29: 0 | G29: =E29*F29 -> 0 | I29: FALSE
A30: 2 | C30: Sản xuất Media | D30: Làm video ngắn, thiết kế banner truyền thông | E30: 0 | F30: 0 | G30: =E30*F30 -> 0 | I30: FALSE
A31: 3 | C31: Công cụ Marketing | D31: Phần mềm gửi Email Marketing tự động (Mailchimp...) | E31: 0 | F31: 0 | G31: =E31*F31 -> 0 | I31: FALSE
A32: 6. PHÍ GIAO DỊCH & VẬN HÀNH KHÁC
A33: 1 | C33: Phí cổng thanh toán | D33: VNPay, Momo, Stripe (khoảng 1.5% - 3%) | E33: 0 | F33: 0 | G33: =E33*F33 -> 0 | I33: FALSE
A34: 2 | C34: Kế toán / Pháp lý | D34: Dịch vụ khai báo thuế hàng tháng | E34: 0 | F34: 0 | G34: =E34*F34 -> 0 | I34: FALSE
A35: 3 | C35: Chi phí phòng ngừa rủi ro | D35: Quỹ dự phòng server quá tải, sự cố | E35: 0 | F35: 0 | G35: =E35*F35 -> 0 | I35: FALSE
B36: TỔNG CHI PHÍ DỰ KIẾN (VNĐ/THÁNG) | G36: =SUM(G3:G35) -> 4380872.7 | H36: Thực tế | I36: =SUMIF(I3:I35, TRUE,G3:G35) -> 0

Sheet Tổng chi phí đã sử dụng
A1: Chi phí sử dụng | B1: Thực tế | C1: Dự kiến
A2: Tháng 4 | B2: ='Chi tiết Vận hành ( tháng 4 )'!$G$36 -> 2593000 | C2: ='Chi tiết Vận hành ( tháng 4 )'!$G$36 -> 2593000
A3: Tháng 5 | B3: ='Chi tiết Vận hành ( tháng 5 )'!$I$36 -> 2493000 | C3: ='Chi tiết Vận hành ( tháng 5 )'!$G$36 -> 2493000
A4: Tháng 6 | B4: ='Chi tiết Vận hành ( tháng 6 )'!$I$36 -> 0 | C4: ='Chi tiết Vận hành ( tháng 6 )'!$G$36 -> 4380872.7
A5: Tháng 7
A6: Tháng 8
A7: Tháng 9
A8: Tháng 10
A9: Tháng 11
A10: Tháng 12
A11: Tổng: | B11: =SUM(B2:B10) -> 5086000 | C11: =SUM(C2:C10) -> 9466872.7
